Team,G,SHO,BB,2B,DP,3B,HR,RBI,H,RBI_PG,BA,RUNS_PG,HR_PG,2B_PG,3B_PG,SLG_PCT,OBP,SB,CS,SB_PG,ERA,HITS_ALLOWED_7,HB,WHIP,K/BB,K/7,FLD_PCT,DP_PG,TP,HBP,SH,SF,R,W,L,T,WIN_PCT
A&M-Corpus Christi,53,2.0,169,38,19,11,5.0,123,278,2.32,0.222,2.94,0.09,0.72,0.21,0.282,0.324,80,23,1.51,7.31,11.49,26,2.05,1.1,3.12,0.957,0.36,0.0,24,21,9,156,14,39,0,0.264
Abilene Christian,48,1.0,111,62,13,10,29.0,165,322,3.44,0.27,3.85,0.6,1.29,0.21,0.412,0.34,41,13,0.85,8.77,11.71,37,2.5,0.57,3.31,0.952,0.27,0.0,20,9,10,185,7,41,0,0.146
Akron,60,4.0,223,76,19,12,56.0,308,465,5.13,0.29,5.52,0.93,1.27,0.2,0.457,0.381,49,14,0.82,4.53,8.87,27,1.74,1.06,3.47,0.964,0.32,0.0,22,12,16,331,35,25,0,0.583
Alabama,65,24.0,236,77,13,9,102.0,387,526,5.95,0.321,6.25,1.57,1.18,0.14,0.565,0.418,76,12,1.17,1.57,4.39,21,0.89,4.4,8.02,0.977,0.2,0.0,51,30,17,406,56,9,0,0.862
Alabama A&M,50,1.0,164,68,8,21,32.0,303,436,6.06,0.325,6.74,0.64,1.36,0.42,0.478,0.409,112,10,2.24,8.39,11.83,31,2.57,0.6,3.65,0.93,0.16,0.0,44,16,23,337,19,31,0,0.38
Alabama St.,56,3.0,164,72,13,27,24.0,263,420,4.7,0.291,5.38,0.43,1.29,0.48,0.428,0.373,108,19,1.93,6.03,9.57,22,2.02,0.84,3.82,0.948,0.23,0.0,35,43,17,301,24,32,0,0.429
Alcorn,50,2.0,126,46,9,12,19.0,189,333,3.78,0.273,4.5,0.38,0.92,0.24,0.376,0.345,63,7,1.26,6.67,9.85,49,1.92,0.66,2.38,0.947,0.18,0.0,16,33,13,225,15,34,1,0.31
App State,50,6.0,199,60,7,7,77.0,321,401,6.42,0.305,6.98,1.54,1.2,0.14,0.536,0.404,52,9,1.04,4.28,8.09,37,1.58,1.69,5.09,0.96,0.14,0.0,33,18,19,349,29,21,0,0.58
Arizona,55,10.0,168,65,46,10,68.0,365,478,6.64,0.34,7.29,1.24,1.18,0.18,0.546,0.416,36,4,0.65,4.74,8.65,46,1.69,0.97,3.09,0.973,0.84,0.0,27,18,17,401,37,18,0,0.673
Arizona St.,63,4.0,206,105,23,5,99.0,413,550,6.56,0.325,6.98,1.57,1.67,0.08,0.569,0.414,54,16,0.86,3.28,6.97,39,1.41,2.51,7.28,0.966,0.37,0.0,60,17,13,440,45,18,0,0.714
Ark.-Pine Bluff,46,0.0,115,43,7,10,18.0,172,298,3.74,0.267,4.11,0.39,0.93,0.22,0.372,0.348,49,14,1.07,6.41,10.61,15,2.2,0.78,3.77,0.94,0.15,0.0,27,21,7,189,14,32,0,0.304
Arkansas,60,15.0,251,97,37,5,81.0,413,522,6.88,0.34,7.5,1.35,1.62,0.08,0.567,0.441,34,2,0.57,2.72,5.64,25,1.18,2.55,6.66,0.98,0.62,0.0,39,14,16,450,47,13,0,0.783
Army West Point,58,8.0,148,71,12,9,39.0,253,453,4.36,0.292,5.14,0.67,1.22,0.16,0.425,0.359,72,14,1.24,3.13,6.33,37,1.36,1.76,5.57,0.961,0.21,0.0,25,28,19,298,33,25,0,0.569
Auburn,55,2.0,233,71,12,12,68.0,293,393,5.33,0.283,5.71,1.24,1.29,0.22,0.498,0.395,24,5,0.44,4.84,9.11,36,1.73,1.8,5.43,0.948,0.22,0.0,40,9,25,314,27,28,0,0.491
Austin Peay,54,10.0,161,67,14,8,71.0,289,424,5.35,0.292,5.7,1.31,1.24,0.15,0.496,0.373,42,6,0.78,3.73,7.7,25,1.48,1.24,3.34,0.967,0.26,0.0,38,6,17,308,30,24,0,0.556
BYU,51,1.0,146,56,25,11,55.0,214,355,4.2,0.28,4.55,1.08,1.1,0.22,0.471,0.36,18,9,0.35,7.55,10.23,25,2.25,0.89,4.9,0.959,0.49,0.0,24,16,18,232,18,33,0,0.353
Ball St.,48,0.0,197,68,17,14,29.0,258,389,5.38,0.296,5.85,0.6,1.42,0.29,0.436,0.404,48,9,1.0,4.83,8.79,32,1.77,1.04,3.71,0.969,0.35,0.0,49,12,14,281,23,25,0,0.479
Baylor,58,5.0,177,75,32,8,31.0,230,409,3.97,0.276,4.53,0.53,1.29,0.14,0.4,0.363,82,20,1.41,4.31,7.77,18,1.68,1.08,4.33,0.967,0.55,0.0,37,25,20,263,30,28,0,0.517
Bellarmine,50,2.0,145,41,13,5,22.0,135,303,2.7,0.25,3.0,0.44,0.82,0.1,0.347,0.34,14,7,0.28,6.76,10.93,12,2.17,0.88,3.75,0.951,0.26,0.0,22,21,6,150,12,38,0,0.24
Belmont,54,19.0,180,81,11,17,37.0,251,416,4.65,0.291,4.96,0.69,1.5,0.31,0.448,0.375,62,10,1.15,1.94,5.04,12,0.99,5.38,10.25,0.975,0.2,0.0,23,11,16,268,41,13,0,0.759
Bethune-Cookman,49,2.0,150,38,13,12,4.0,183,359,3.73,0.293,4.65,0.08,0.78,0.24,0.353,0.376,123,23,2.51,5.47,10.08,31,1.89,0.8,2.54,0.961,0.27,0.0,23,35,15,228,21,28,0,0.429
Binghamton,47,1.0,160,85,22,4,52.0,246,376,5.23,0.312,5.64,1.11,1.81,0.09,0.518,0.404,27,10,0.57,6.25,10.36,28,2.11,0.93,4.06,0.955,0.47,0.0,36,13,13,265,20,27,0,0.426
Boise St.,55,2.0,171,80,23,5,57.0,244,394,4.44,0.275,4.93,1.04,1.45,0.09,0.456,0.362,32,11,0.58,4.55,8.06,26,1.71,1.26,4.92,0.966,0.42,1.0,36,24,18,271,25,30,0,0.455
Boston College,51,2.0,142,60,14,3,38.0,183,350,3.59,0.268,4.2,0.75,1.18,0.06,0.405,0.344,36,5,0.71,6.6,10.41,34,2.05,1.0,3.96,0.956,0.27,0.0,15,24,10,214,13,38,0,0.255
Boston U.,62,16.0,279,92,13,18,68.0,415,550,6.69,0.336,7.63,1.1,1.48,0.29,0.538,0.443,35,14,0.56,3.6,6.69,37,1.3,2.4,5.86,0.973,0.21,0.0,56,11,24,473,47,15,0,0.758
Bowling Green,49,6.0,190,61,17,8,22.0,207,328,4.22,0.26,4.61,0.45,1.24,0.16,0.373,0.376,92,9,1.88,4.16,8.63,17,1.6,0.97,2.48,0.958,0.35,0.0,52,36,9,226,20,29,0,0.408
Bradley,53,2.0,150,73,10,11,46.0,239,390,4.51,0.272,5.0,0.87,1.38,0.21,0.434,0.344,12,2,0.23,7.27,10.5,29,2.12,0.78,3.42,0.947,0.19,0.0,14,14,12,265,16,37,0,0.302
Brown,45,5.0,121,55,8,9,32.0,178,301,3.96,0.265,4.38,0.71,1.22,0.2,0.414,0.349,10,4,0.22,5.0,7.49,23,1.96,0.9,5.59,0.968,0.18,0.0,30,28,10,197,21,24,0,0.467
Bryant,44,5.0,147,39,15,10,22.0,163,278,3.7,0.262,4.52,0.5,0.89,0.23,0.379,0.367,75,20,1.7,5.28,8.18,11,1.72,0.79,3.05,0.959,0.34,0.0,33,29,6,199,21,23,0,0.477
Bucknell,45,0.0,117,62,5,8,9.0,153,289,3.4,0.258,3.84,0.2,1.38,0.18,0.352,0.337,17,10,0.38,7.48,11.48,37,2.2,0.94,3.66,0.952,0.11,0.0,18,21,5,173,9,35,1,0.211
Buffalo,56,2.0,220,71,6,18,34.0,301,469,5.38,0.309,5.8,0.61,1.27,0.32,0.447,0.4,77,10,1.38,6.8,10.49,23,2.05,0.74,2.84,0.965,0.11,0.0,26,11,25,325,24,32,0,0.429
Butler,46,3.0,207,62,26,6,25.0,255,372,5.54,0.3,5.85,0.54,1.35,0.13,0.42,0.402,60,9,1.3,5.12,10.13,27,1.97,0.91,3.36,0.959,0.57,0.0,19,36,20,269,25,21,0,0.543
CSU Bakersfield,50,1.0,104,43,15,2,9.0,126,299,2.52,0.247,2.9,0.18,0.86,0.04,0.308,0.315,16,7,0.32,7.23,11.83,24,2.13,0.65,,0.939,0.3,0.0,21,14,8,145,10,40,0,0.2
CSUN,46,0.0,89,41,15,5,11.0,146,308,3.17,0.263,3.59,0.24,0.89,0.11,0.335,0.339,49,13,1.07,5.69,10.08,36,2.01,0.61,2.42,0.946,0.33,1.0,48,27,8,165,14,32,0,0.304
Cal Poly,46,1.0,99,49,16,4,9.0,113,300,2.46,0.257,2.83,0.2,1.07,0.09,0.329,0.316,44,11,0.96,4.69,8.53,31,1.7,1.01,3.39,0.956,0.35,0.0,6,48,8,130,11,35,0,0.239
Cal St. Fullerton,56,9.0,126,76,33,6,48.0,288,499,5.14,0.337,5.8,0.86,1.36,0.11,0.493,0.395,101,29,1.8,3.08,6.52,35,1.44,1.47,5.2,0.976,0.59,0.0,28,40,19,325,41,15,0,0.732
California,52,2.0,159,65,27,7,50.0,219,356,4.21,0.27,4.6,0.96,1.25,0.13,0.444,0.359,69,13,1.33,7.11,11.2,33,2.18,0.56,2.27,0.957,0.52,0.0,32,13,14,239,15,37,0,0.288
California Baptist,62,14.0,180,97,17,14,48.0,308,480,4.97,0.3,5.65,0.77,1.56,0.23,0.468,0.386,76,21,1.23,3.09,6.53,34,1.27,2.24,5.32,0.977,0.27,0.0,55,53,16,350,43,19,0,0.694
Campbell,57,9.0,251,73,23,12,17.0,314,484,5.51,0.324,6.47,0.3,1.28,0.21,0.422,0.433,91,15,1.6,3.33,7.37,23,1.47,1.6,4.64,0.969,0.4,0.0,54,25,21,369,34,23,0,0.596
Canisius,44,1.0,127,51,13,10,23.0,163,320,3.7,0.275,4.11,0.52,1.16,0.23,0.396,0.354,46,17,1.05,4.23,8.81,18,1.69,1.57,4.72,0.952,0.3,0.0,21,20,12,181,17,27,0,0.386
Central Ark.,57,7.0,260,93,33,18,40.0,313,446,5.49,0.309,5.91,0.7,1.63,0.32,0.481,0.416,81,8,1.42,3.98,7.59,38,1.51,1.04,3.12,0.972,0.58,0.0,18,15,18,337,36,20,1,0.64
Central Conn. St.,47,6.0,138,96,11,3,46.0,247,390,5.26,0.309,5.72,0.98,2.04,0.06,0.499,0.378,18,4,0.38,4.47,8.69,32,1.6,1.62,4.05,0.967,0.23,0.0,10,13,15,269,28,19,0,0.596
Central Mich.,49,2.0,156,78,9,13,39.0,267,449,5.45,0.325,5.82,0.8,1.59,0.27,0.484,0.393,60,14,1.22,4.9,8.54,26,1.72,1.86,6.48,0.975,0.18,0.0,6,33,10,285,25,24,0,0.51
Charleston So.,51,2.0,99,44,15,11,7.0,138,311,2.71,0.248,3.02,0.14,0.86,0.22,0.317,0.307,53,13,1.04,6.66,9.95,32,2.09,0.69,3.21,0.964,0.29,0.0,13,23,10,154,10,41,0,0.196
Charlotte,58,5.0,200,69,32,13,61.0,289,451,4.98,0.301,5.6,1.05,1.19,0.22,0.487,0.39,55,11,0.95,4.73,8.24,19,1.84,0.7,3.22,0.967,0.55,0.0,33,13,24,325,32,26,0,0.552
Chattanooga,55,6.0,177,70,15,8,25.0,236,423,4.29,0.299,4.85,0.45,1.27,0.15,0.413,0.384,58,10,1.05,4.87,8.37,27,1.82,1.26,5.53,0.961,0.27,0.0,33,45,26,267,25,29,1,0.464
Clemson,56,12.0,223,82,26,11,59.0,279,407,4.98,0.286,5.29,1.05,1.46,0.2,0.483,0.39,44,13,0.79,3.46,6.71,31,1.52,1.31,5.18,0.969,0.46,0.0,27,22,12,296,34,22,0,0.607
Coastal Carolina,57,3.0,182,55,21,2,84.0,278,409,4.88,0.281,5.09,1.47,0.96,0.04,0.494,0.367,26,8,0.46,5.88,9.29,23,1.96,0.79,3.49,0.965,0.37,0.0,27,17,18,290,26,31,0,0.456
Col. of Charleston,60,5.0,158,69,16,16,17.0,219,419,3.65,0.27,4.03,0.28,1.15,0.27,0.369,0.348,119,26,1.98,4.44,9.13,42,1.66,1.84,4.56,0.958,0.27,0.0,36,13,19,242,30,30,0,0.5
Colgate,55,3.0,188,86,14,5,88.0,295,402,5.36,0.277,5.56,1.6,1.56,0.09,0.526,0.372,19,7,0.35,4.5,8.78,29,1.71,1.67,5.35,0.953,0.25,0.0,37,20,12,306,29,26,0,0.527
Colorado St.,51,5.0,173,73,20,8,29.0,209,359,4.1,0.275,4.43,0.57,1.43,0.16,0.41,0.376,22,8,0.43,4.66,8.96,19,1.66,1.54,4.07,0.959,0.39,0.0,46,25,12,226,23,28,0,0.451
Columbia,45,5.0,150,64,12,7,42.0,199,334,4.42,0.272,4.67,0.93,1.42,0.16,0.437,0.363,26,10,0.58,3.79,7.67,26,1.5,1.76,4.94,0.969,0.27,0.0,30,28,7,210,22,23,0,0.489
Coppin St.,36,2.0,96,49,6,12,18.0,140,236,3.89,0.255,4.53,0.5,1.36,0.33,0.392,0.333,37,7,1.03,6.54,10.33,8,2.11,0.67,2.99,0.95,0.17,0.0,14,15,4,163,9,27,0,0.25
Cornell,43,1.0,156,79,8,12,40.0,267,407,6.21,0.346,6.84,0.93,1.84,0.28,0.536,0.421,61,8,1.42,6.89,9.55,34,2.08,0.72,3.63,0.959,0.19,0.0,11,18,19,294,21,22,0,0.488
Creighton,59,6.0,178,102,21,17,50.0,336,498,5.69,0.315,6.19,0.85,1.73,0.29,0.496,0.39,124,24,2.1,4.78,8.64,27,1.85,0.94,4.0,0.974,0.36,0.0,29,32,22,365,32,27,0,0.542
Dartmouth,33,3.0,106,46,8,9,18.0,149,256,4.52,0.297,4.79,0.55,1.39,0.27,0.433,0.377,20,5,0.61,7.94,11.42,29,2.33,0.54,2.65,0.961,0.24,0.0,9,5,7,158,10,23,0,0.303
Dayton,50,8.0,128,59,16,3,38.0,198,366,3.96,0.28,4.34,0.76,1.18,0.06,0.416,0.349,78,8,1.56,3.61,6.48,28,1.63,1.64,8.13,0.957,0.32,0.0,19,28,15,217,26,24,0,0.52
DePaul,50,1.0,136,65,13,8,33.0,198,367,3.96,0.286,4.16,0.66,1.3,0.16,0.426,0.359,65,11,1.3,5.39,9.47,37,2.0,0.86,3.86,0.954,0.26,0.0,18,29,14,208,20,30,0,0.4
Delaware,55,6.0,201,56,11,5,55.0,248,387,4.51,0.278,4.98,1.0,1.02,0.09,0.443,0.382,62,12,1.13,3.91,7.59,41,1.48,1.87,5.17,0.96,0.2,0.0,44,17,15,274,31,24,0,0.564
Delaware St.,46,7.0,116,47,6,14,10.0,179,297,3.89,0.264,4.61,0.22,1.02,0.3,0.358,0.338,97,20,2.11,4.2,8.24,18,1.69,1.55,5.6,0.954,0.13,0.0,14,41,11,212,28,18,0,0.609
Detroit Mercy,47,1.0,137,37,11,5,34.0,180,299,3.83,0.242,4.19,0.72,0.79,0.11,0.363,0.331,42,9,0.89,6.24,8.6,56,1.99,0.71,3.8,0.951,0.23,0.0,31,7,9,197,15,32,0,0.319
Drake,51,1.0,160,72,14,4,42.0,193,362,3.78,0.268,3.96,0.82,1.41,0.08,0.42,0.351,13,6,0.25,6.06,10.59,24,1.93,0.95,2.81,0.958,0.27,0.0,20,16,13,202,13,38,0,0.255
Drexel,45,3.0,137,58,10,6,34.0,221,322,4.91,0.279,5.2,0.76,1.29,0.13,0.427,0.357,43,5,0.96,5.88,9.39,15,1.68,1.41,3.36,0.951,0.22,0.0,9,16,9,234,22,23,0,0.489
Duke,60,4.0,204,101,21,11,117.0,415,587,6.92,0.354,7.42,1.95,1.68,0.18,0.641,0.429,51,3,0.85,4.79,7.85,34,1.69,1.18,4.7,0.97,0.35,0.0,32,10,28,445,43,17,0,0.717
ETSU,52,2.0,156,59,13,6,25.0,208,374,4.0,0.272,4.42,0.48,1.13,0.12,0.378,0.353,46,8,0.88,3.97,7.66,17,1.52,1.09,3.26,0.964,0.25,0.0,22,28,12,230,22,30,0,0.423
East Carolina,59,6.0,166,62,27,11,28.0,192,402,3.25,0.269,3.85,0.47,1.05,0.19,0.381,0.347,37,10,0.63,3.37,6.68,38,1.46,1.14,4.02,0.971,0.46,0.0,25,64,20,227,34,25,0,0.576
East Texas A&M,52,1.0,109,44,20,6,19.0,128,288,2.46,0.237,2.79,0.37,0.85,0.12,0.33,0.307,23,11,0.44,9.15,12.17,46,2.65,0.42,2.71,0.955,0.38,0.0,17,19,8,145,6,46,0,0.115
Eastern Ill.,59,5.0,194,53,24,9,43.0,282,471,4.78,0.296,5.37,0.73,0.9,0.15,0.421,0.383,47,11,0.8,4.28,7.94,24,1.69,1.41,5.45,0.967,0.41,0.0,40,34,17,317,36,23,0,0.61
Eastern Ky.,53,5.0,185,64,25,7,20.0,206,357,3.89,0.269,4.38,0.38,1.21,0.13,0.373,0.371,54,6,1.02,4.1,7.16,18,1.66,1.21,5.43,0.952,0.47,0.0,42,34,22,232,27,25,1,0.519
Elon,51,4.0,151,47,21,3,15.0,155,293,3.04,0.233,3.67,0.29,0.92,0.06,0.311,0.326,46,7,0.9,5.46,8.99,16,1.81,1.08,3.97,0.953,0.41,0.0,27,29,12,187,18,33,0,0.353
Evansville,51,5.0,166,76,11,9,39.0,212,360,4.16,0.269,4.73,0.76,1.49,0.18,0.427,0.358,31,6,0.61,5.37,8.07,28,1.99,0.89,5.2,0.961,0.22,0.0,26,29,12,241,21,30,0,0.412
FDU,52,3.0,122,66,8,2,11.0,195,373,3.75,0.29,4.19,0.21,1.27,0.04,0.371,0.357,63,15,1.21,6.2,9.99,48,2.13,0.84,4.15,0.96,0.15,0.0,20,14,18,218,20,32,0,0.385
FGCU,54,1.0,172,56,14,11,21.0,195,376,3.61,0.268,3.93,0.39,1.04,0.2,0.368,0.35,52,6,0.96,5.05,7.89,26,1.76,0.88,3.9,0.964,0.26,0.0,12,25,13,212,21,33,0,0.389
FIU,52,5.0,145,55,15,14,28.0,253,445,4.87,0.318,5.46,0.54,1.06,0.27,0.437,0.388,99,22,1.9,3.82,7.65,28,1.36,2.12,3.98,0.966,0.29,0.0,26,31,19,284,34,18,0,0.654
Fairfield,51,8.0,170,63,9,9,23.0,230,351,4.51,0.276,4.82,0.45,1.24,0.18,0.394,0.38,59,14,1.16,3.64,7.2,17,1.52,1.61,5.55,0.968,0.18,0.0,54,63,17,246,27,24,0,0.529
Fla. Atlantic,54,6.0,197,75,15,6,46.0,275,408,5.09,0.294,5.72,0.85,1.39,0.11,0.456,0.394,52,9,0.96,3.25,6.44,34,1.34,1.67,4.88,0.979,0.28,0.0,46,13,22,309,34,20,0,0.63
Florida,64,18.0,298,120,25,4,110.0,469,618,7.33,0.356,7.73,1.72,1.88,0.06,0.619,0.455,48,4,0.75,2.91,5.84,50,1.25,1.88,5.49,0.981,0.39,0.0,35,8,21,495,52,12,0,0.813
Florida A&M,54,6.0,199,81,8,26,44.0,288,447,5.33,0.315,6.0,0.81,1.5,0.48,0.502,0.404,62,16,1.15,3.96,7.81,20,1.57,1.01,3.22,0.955,0.15,0.0,24,20,18,324,32,22,0,0.593
Florida St.,62,9.0,249,123,33,21,73.0,412,567,6.65,0.349,7.29,1.18,1.98,0.34,0.586,0.436,61,11,0.98,2.81,5.75,34,1.25,1.95,5.86,0.984,0.53,0.0,26,7,31,452,52,10,0,0.839
Fordham,55,2.0,196,61,26,7,27.0,240,432,4.36,0.285,4.58,0.49,1.11,0.13,0.388,0.375,47,8,0.85,3.61,7.54,35,1.46,1.46,3.93,0.969,0.47,0.0,28,32,8,252,27,28,0,0.491
Fresno St.,47,4.0,103,57,20,14,27.0,182,363,3.87,0.289,4.26,0.57,1.21,0.3,0.422,0.351,16,7,0.34,3.89,7.32,49,1.43,1.5,4.05,0.961,0.43,0.0,20,29,9,200,23,24,0,0.489
Furman,53,2.0,132,64,23,12,32.0,188,363,3.55,0.274,3.83,0.6,1.21,0.23,0.413,0.357,49,6,0.92,7.6,10.96,28,2.33,0.49,2.59,0.936,0.43,0.0,43,15,8,203,13,40,0,0.245
Ga. Southern,53,6.0,139,72,21,7,24.0,195,371,3.68,0.271,4.06,0.45,1.36,0.13,0.387,0.352,46,7,0.87,4.06,8.2,14,1.58,1.19,3.36,0.963,0.4,0.0,37,20,12,215,24,29,0,0.453
Gardner-Webb,57,5.0,184,98,27,11,36.0,304,510,5.33,0.324,5.93,0.63,1.72,0.19,0.468,0.394,42,3,0.74,5.11,8.8,29,1.82,0.95,3.77,0.957,0.47,0.0,17,21,27,338,32,25,0,0.561
George Mason,51,7.0,147,70,25,12,29.0,199,334,3.9,0.254,4.45,0.57,1.37,0.24,0.391,0.346,85,22,1.67,3.6,7.79,25,1.55,1.23,3.76,0.972,0.49,0.0,48,11,16,227,26,25,0,0.51
George Washington,45,5.0,169,74,9,2,31.0,187,352,4.16,0.283,4.62,0.69,1.64,0.04,0.421,0.384,23,8,0.51,3.18,7.47,16,1.51,1.57,4.85,0.959,0.2,0.0,40,24,10,208,23,22,0,0.511
Georgetown,42,4.0,119,65,21,3,25.0,166,331,3.95,0.285,4.31,0.6,1.55,0.07,0.411,0.358,52,21,1.24,4.66,8.21,18,1.61,1.33,4.07,0.961,0.5,0.0,17,26,9,181,16,26,0,0.381
Georgia,61,10.0,206,106,33,14,80.0,386,553,6.33,0.349,6.74,1.31,1.74,0.23,0.585,0.428,15,6,0.25,3.21,6.76,26,1.43,1.86,6.07,0.979,0.54,0.0,28,19,19,411,41,20,0,0.672
Georgia St.,56,4.0,145,58,11,9,31.0,242,458,4.32,0.297,4.77,0.55,1.04,0.16,0.407,0.364,72,20,1.29,3.74,6.85,28,1.36,2.34,6.3,0.955,0.2,0.0,22,22,11,267,25,31,0,0.446
Georgia Tech,61,4.0,196,90,18,9,75.0,325,488,5.33,0.307,5.61,1.23,1.48,0.15,0.516,0.391,69,14,1.13,3.81,6.58,29,1.42,1.42,4.8,0.97,0.3,0.0,36,21,18,342,32,29,0,0.525
Grambling,43,0.0,134,56,21,10,6.0,168,323,3.91,0.293,4.88,0.14,1.3,0.23,0.378,0.377,80,13,1.86,7.89,11.16,33,2.4,0.37,,0.949,0.49,1.0,25,13,16,210,14,28,1,0.337
Grand Canyon,64,5.0,260,81,20,13,91.0,393,510,6.14,0.314,6.53,1.42,1.27,0.2,0.547,0.418,80,12,1.25,2.47,6.29,60,1.19,3.06,6.19,0.972,0.31,0.0,51,39,25,418,54,10,0,0.844
Green Bay,47,3.0,139,91,14,5,38.0,240,401,5.11,0.317,5.62,0.81,1.94,0.11,0.487,0.391,18,11,0.38,6.32,11.33,25,2.19,0.94,3.78,0.963,0.3,0.0,27,25,17,264,16,31,0,0.34
Hampton,43,1.0,95,41,11,5,14.0,111,276,2.58,0.26,3.05,0.33,0.95,0.12,0.347,0.329,12,2,0.28,6.75,9.64,39,2.14,0.56,3.02,0.942,0.26,1.0,17,7,6,131,10,33,0,0.233
Harvard,45,4.0,167,48,12,7,31.0,217,391,4.82,0.304,5.38,0.69,1.07,0.16,0.425,0.389,43,9,0.96,4.21,8.43,33,1.61,1.91,5.44,0.953,0.27,0.0,24,14,20,242,21,23,1,0.478
Hawaii,50,12.0,155,60,15,10,46.0,227,381,4.54,0.289,5.02,0.92,1.2,0.2,0.455,0.371,52,14,1.04,3.25,7.21,35,1.33,1.9,3.98,0.973,0.3,0.0,20,30,8,251,30,20,0,0.6
Hofstra,54,8.0,153,92,12,8,43.0,250,414,4.63,0.29,5.09,0.8,1.7,0.15,0.456,0.363,60,17,1.11,3.5,6.79,30,1.45,1.54,5.18,0.967,0.22,0.0,19,32,14,275,31,23,0,0.574
Holy Cross,44,3.0,105,39,5,1,20.0,115,236,2.61,0.223,2.95,0.45,0.89,0.02,0.319,0.304,15,9,0.34,6.36,9.05,30,2.14,0.81,4.8,0.946,0.11,0.0,21,22,8,130,10,34,0,0.227
Houston,51,3.0,200,56,17,5,70.0,236,371,4.63,0.283,5.18,1.37,1.1,0.1,0.494,0.389,30,9,0.59,7.47,10.08,33,2.1,0.76,3.52,0.959,0.33,0.0,34,23,13,264,20,31,0,0.392
Houston Christian,47,1.0,121,36,11,6,11.0,105,270,2.23,0.24,2.45,0.23,0.77,0.13,0.313,0.319,24,10,0.51,6.72,11.05,26,1.99,1.13,3.29,0.959,0.23,0.0,14,15,13,115,11,36,0,0.234
Howard,47,7.0,152,65,16,10,17.0,235,368,5.0,0.306,5.85,0.36,1.38,0.21,0.419,0.391,106,21,2.26,3.39,6.43,17,1.29,1.73,4.52,0.964,0.34,0.0,26,26,13,275,28,19,0,0.596
IU Indy,47,0.0,158,32,8,5,26.0,172,341,3.66,0.281,4.28,0.55,0.68,0.11,0.379,0.374,35,16,0.74,8.38,12.65,35,2.33,0.78,2.86,0.946,0.17,0.0,28,18,9,201,7,40,0,0.149
Idaho St.,57,5.0,186,97,25,10,79.0,341,475,5.98,0.323,6.47,1.39,1.7,0.18,0.564,0.403,49,17,0.86,4.12,7.76,47,1.59,1.43,4.78,0.97,0.44,0.0,27,33,23,369,37,20,0,0.649
Illinois,54,2.0,124,50,17,3,42.0,179,346,3.31,0.251,3.8,0.78,0.93,0.06,0.384,0.329,22,9,0.41,5.78,9.8,46,1.9,1.02,3.58,0.955,0.31,0.0,38,30,8,205,15,39,0,0.278
Illinois St.,51,3.0,153,91,22,9,48.0,250,416,4.9,0.292,5.39,0.94,1.78,0.18,0.469,0.366,11,2,0.22,4.23,9.06,25,1.76,1.07,3.5,0.966,0.43,0.0,21,22,14,275,29,22,0,0.569
Indiana,59,8.0,235,105,33,26,87.0,429,523,7.27,0.346,7.97,1.47,1.78,0.44,0.622,0.451,136,25,2.31,3.35,6.63,28,1.33,1.6,4.24,0.962,0.56,0.0,77,32,26,470,43,16,0,0.729
Indiana St.,50,4.0,146,49,9,12,19.0,159,327,3.18,0.259,3.64,0.38,0.98,0.24,0.362,0.341,63,14,1.26,4.08,7.64,26,1.61,1.39,5.06,0.955,0.18,0.0,15,24,6,182,22,28,0,0.44
Iona,53,6.0,139,85,29,13,38.0,219,389,4.13,0.278,4.32,0.72,1.6,0.25,0.44,0.355,74,19,1.4,3.23,7.5,24,1.48,1.15,3.33,0.974,0.55,0.0,37,29,19,229,27,26,0,0.509
Iowa,54,2.0,139,84,14,3,56.0,263,407,4.87,0.283,5.39,1.04,1.56,0.06,0.462,0.359,55,14,1.02,4.96,8.56,33,1.71,1.25,4.22,0.967,0.26,0.0,43,19,21,291,27,27,0,0.5
Iowa St.,55,4.0,222,108,23,5,79.0,348,482,6.33,0.325,6.8,1.44,1.96,0.09,0.564,0.414,38,10,0.69,5.4,9.13,35,1.83,0.92,3.37,0.975,0.42,0.0,24,21,29,374,32,23,0,0.582
Jackson St.,48,5.0,202,60,8,15,12.0,250,408,5.21,0.323,6.29,0.25,1.25,0.31,0.422,0.42,161,19,3.35,5.36,9.09,21,1.64,1.4,3.36,0.943,0.17,0.0,21,18,15,302,25,23,0,0.521
Jacksonville,55,6.0,180,77,23,10,42.0,261,403,4.75,0.285,5.0,0.76,1.4,0.18,0.443,0.38,52,15,0.95,3.85,7.2,16,1.55,1.09,3.96,0.962,0.42,0.0,47,25,17,275,34,21,0,0.618
Jacksonville St.,61,11.0,272,110,13,9,49.0,355,501,5.82,0.303,6.51,0.8,1.8,0.15,0.47,0.41,38,10,0.62,3.46,6.52,26,1.47,1.19,4.49,0.976,0.21,0.0,33,24,11,397,45,16,0,0.738
James Madison,51,2.0,141,76,16,7,67.0,271,431,5.31,0.309,5.78,1.31,1.49,0.14,0.517,0.375,46,9,0.9,4.78,7.83,28,1.75,1.04,4.57,0.964,0.31,0.0,17,24,15,295,27,24,0,0.529
Kansas,57,6.0,192,97,25,9,82.0,353,481,6.19,0.328,6.51,1.44,1.7,0.16,0.574,0.417,43,12,0.75,3.98,7.6,29,1.58,1.34,4.67,0.968,0.44,0.0,45,27,18,371,36,21,0,0.632
Kansas City,48,2.0,159,37,11,11,3.0,141,300,2.94,0.25,3.35,0.06,0.77,0.23,0.307,0.346,23,12,0.48,5.2,9.53,26,1.79,1.02,3.08,0.953,0.23,0.0,23,25,13,161,16,32,0,0.333
Kennesaw St.,50,0.0,110,52,19,7,22.0,136,305,2.72,0.243,3.22,0.44,1.04,0.14,0.348,0.317,32,12,0.64,7.55,10.51,52,2.33,0.36,,0.955,0.38,0.0,30,27,10,161,7,43,0,0.14
Kent St.,50,2.0,130,65,14,14,27.0,222,368,4.44,0.285,4.92,0.54,1.3,0.28,0.42,0.359,68,22,1.36,6.66,10.18,23,2.19,0.6,3.1,0.951,0.28,0.0,25,26,12,246,20,30,0,0.4
Kentucky,55,6.0,121,76,16,14,61.0,230,393,4.18,0.276,4.42,1.11,1.38,0.25,0.478,0.339,51,10,0.93,4.29,8.4,22,1.71,1.57,5.57,0.958,0.29,0.0,19,27,10,243,26,29,0,0.473
LIU,56,5.0,188,89,15,1,31.0,245,402,4.38,0.286,4.73,0.55,1.59,0.02,0.416,0.385,86,21,1.54,5.18,8.69,32,1.8,1.14,4.48,0.969,0.27,0.0,51,18,16,265,24,32,0,0.429
LMU (CA),52,9.0,144,50,20,8,28.0,232,455,4.46,0.316,5.08,0.54,0.96,0.15,0.42,0.382,84,22,1.62,2.87,6.69,31,1.42,1.54,5.0,0.967,0.38,0.0,23,32,20,264,33,19,0,0.635
LSU,59,12.0,274,79,28,19,57.0,305,439,5.17,0.287,5.9,0.97,1.34,0.32,0.475,0.407,54,7,0.92,2.74,6.14,38,1.26,1.96,5.22,0.976,0.47,0.0,45,11,12,348,40,19,0,0.678
Lafayette,52,2.0,166,72,12,7,29.0,181,339,3.48,0.253,3.92,0.56,1.38,0.13,0.382,0.342,25,10,0.48,5.42,9.2,16,1.94,0.79,3.49,0.95,0.23,0.0,19,16,8,204,16,36,0,0.308
Lamar University,58,5.0,165,95,20,14,43.0,290,430,5.0,0.281,5.47,0.74,1.64,0.24,0.446,0.369,17,3,0.29,4.37,8.19,25,1.73,0.83,3.26,0.968,0.34,0.0,57,22,16,317,34,24,0,0.586
Lehigh,54,6.0,162,86,18,11,29.0,272,446,5.04,0.298,5.57,0.54,1.59,0.2,0.428,0.375,57,15,1.06,4.29,8.03,34,1.58,1.43,4.37,0.968,0.33,0.0,30,30,13,301,26,28,0,0.481
Liberty,57,8.0,178,82,23,10,48.0,251,424,4.4,0.284,4.7,0.84,1.44,0.18,0.449,0.37,40,9,0.7,4.18,7.07,53,1.7,0.99,4.77,0.96,0.4,0.0,34,21,15,268,29,28,0,0.509
Lindenwood,56,11.0,177,67,15,17,27.0,263,470,4.7,0.305,5.04,0.48,1.2,0.3,0.423,0.378,86,17,1.54,3.61,7.81,26,1.6,1.41,4.74,0.964,0.27,0.0,15,24,18,282,32,24,0,0.571
Lipscomb,51,0.0,108,49,19,7,20.0,160,380,3.14,0.282,3.73,0.39,0.96,0.14,0.374,0.338,74,10,1.45,4.78,9.54,18,2.02,0.57,2.62,0.942,0.37,0.0,12,32,12,190,13,38,0,0.255
Long Beach St.,54,1.0,159,95,28,6,26.0,257,436,4.76,0.305,5.22,0.48,1.76,0.11,0.434,0.381,47,19,0.87,4.13,8.49,18,1.54,1.39,3.15,0.952,0.52,0.0,33,30,28,282,31,23,0,0.574
Longwood,53,2.0,178,62,16,4,36.0,214,354,4.04,0.269,4.26,0.68,1.17,0.08,0.404,0.363,63,10,1.19,5.29,7.79,28,2.0,0.88,5.44,0.953,0.3,0.0,24,39,10,226,21,32,0,0.396
Louisiana,56,3.0,168,78,21,12,45.0,266,425,4.75,0.298,5.16,0.8,1.39,0.21,0.464,0.38,50,18,0.89,3.67,7.6,49,1.54,1.26,4.0,0.967,0.38,0.0,29,48,13,289,29,27,0,0.518
Louisiana Tech,56,9.0,201,70,16,7,40.0,239,439,4.27,0.293,4.71,0.71,1.25,0.13,0.43,0.387,51,7,0.91,3.76,7.08,17,1.36,1.62,3.95,0.975,0.29,0.0,40,28,20,264,31,25,0,0.554
Louisville,58,5.0,233,112,23,25,45.0,386,547,6.66,0.346,7.38,0.78,1.93,0.43,0.533,0.441,129,24,2.22,3.75,7.78,20,1.55,1.51,4.65,0.965,0.4,0.0,54,38,22,428,44,14,0,0.759
Loyola Chicago,52,3.0,128,68,15,8,16.0,189,366,3.63,0.264,4.17,0.31,1.31,0.15,0.359,0.33,75,13,1.44,4.22,7.62,33,1.55,1.11,3.58,0.947,0.29,1.0,15,41,13,217,28,24,0,0.538
Maine,48,3.0,176,58,13,5,24.0,177,271,3.69,0.23,3.98,0.5,1.21,0.1,0.349,0.338,35,10,0.73,6.0,10.24,36,2.18,0.89,4.51,0.959,0.27,0.0,20,8,7,191,12,36,0,0.25
Manhattan,52,2.0,132,63,12,6,36.0,193,382,3.71,0.273,4.17,0.69,1.21,0.12,0.404,0.344,75,13,1.44,5.55,9.6,40,1.93,0.85,3.32,0.958,0.23,0.0,26,31,13,217,15,37,0,0.288
Marist,58,5.0,198,76,9,11,62.0,290,469,5.0,0.307,5.47,1.07,1.31,0.19,0.493,0.389,53,15,0.91,4.02,8.83,23,1.66,1.65,4.55,0.95,0.16,0.0,21,32,24,317,37,21,0,0.638
Marshall,57,7.0,191,56,23,7,95.0,264,406,4.63,0.278,4.91,1.67,0.98,0.12,0.521,0.369,52,12,0.91,3.32,7.69,22,1.45,2.23,5.51,0.97,0.4,0.0,25,22,8,280,38,19,0,0.667
Maryland,48,4.0,138,52,12,4,30.0,186,346,3.88,0.276,4.08,0.63,1.08,0.08,0.396,0.359,16,6,0.33,4.58,7.68,39,1.78,0.93,4.49,0.953,0.25,0.0,33,36,15,196,19,29,0,0.396
Massachusetts,49,3.0,141,55,8,10,9.0,154,321,3.14,0.261,3.53,0.18,1.12,0.2,0.344,0.349,44,13,0.9,5.0,9.28,24,1.7,1.37,3.59,0.959,0.16,0.0,31,32,12,173,19,30,0,0.388
McNeese,62,5.0,254,97,22,15,56.0,321,500,5.18,0.317,6.02,0.9,1.56,0.24,0.505,0.414,99,35,1.6,4.4,8.13,41,1.57,1.32,3.81,0.963,0.35,0.0,22,33,23,373,40,22,0,0.645
Memphis,57,1.0,161,67,22,17,42.0,222,397,3.89,0.283,4.4,0.74,1.18,0.3,0.445,0.37,68,14,1.19,6.23,9.38,55,2.06,0.68,3.39,0.94,0.39,0.0,44,53,18,251,18,39,0,0.316
Mercer,50,1.0,130,47,15,3,48.0,175,306,3.5,0.252,3.9,0.96,0.94,0.06,0.415,0.336,37,9,0.74,6.56,10.52,42,2.16,0.82,3.76,0.953,0.3,0.0,26,14,7,195,20,30,0,0.4
Merrimack,41,2.0,144,38,15,4,19.0,125,221,3.05,0.215,3.24,0.46,0.93,0.1,0.315,0.318,28,4,0.68,5.5,9.19,12,1.72,1.29,3.69,0.954,0.37,0.0,12,14,4,133,12,29,0,0.293
Miami (OH),56,5.0,158,95,25,13,74.0,341,514,6.09,0.331,6.43,1.32,1.7,0.23,0.552,0.407,61,14,1.09,3.42,6.81,26,1.5,1.09,4.0,0.96,0.45,0.0,55,10,21,360,38,18,0,0.679
Michigan,58,8.0,174,89,22,16,79.0,333,487,5.74,0.308,6.26,1.36,1.53,0.28,0.534,0.387,44,9,0.76,4.32,7.7,46,1.55,1.53,4.86,0.974,0.38,0.0,41,23,16,363,36,22,0,0.621
Michigan St.,51,3.0,185,65,21,9,27.0,179,310,3.51,0.242,3.9,0.53,1.27,0.18,0.371,0.351,31,7,0.61,5.59,9.1,38,1.94,0.88,3.95,0.944,0.41,0.0,33,21,9,199,17,34,0,0.333
Middle Tenn.,51,0.0,181,79,23,11,62.0,215,329,4.22,0.253,4.49,1.22,1.55,0.22,0.473,0.35,42,8,0.82,4.67,8.87,31,1.72,1.11,3.56,0.955,0.45,0.0,21,11,13,229,21,30,0,0.412
Minnesota,52,5.0,141,54,12,4,27.0,133,309,2.56,0.238,2.87,0.52,1.04,0.08,0.348,0.319,9,4,0.17,4.82,8.42,36,1.65,1.87,5.87,0.958,0.23,0.0,17,40,8,149,16,36,0,0.308
Mississippi St.,64,17.0,187,93,16,2,66.0,269,440,4.2,0.272,4.56,1.03,1.45,0.03,0.454,0.355,37,6,0.58,2.41,4.66,36,1.01,3.58,8.71,0.983,0.25,0.0,31,12,20,292,43,21,0,0.672
Mississippi Val.,39,0.0,83,19,8,11,,85,228,2.18,0.252,2.59,,0.49,0.28,0.298,0.319,33,10,0.85,11.91,16.22,25,2.87,0.75,2.92,0.931,0.21,0.0,6,7,2,101,1,38,0,0.026
Missouri,57,9.0,195,66,25,9,52.0,225,390,3.95,0.265,4.23,0.91,1.16,0.16,0.428,0.363,31,12,0.54,3.45,7.03,19,1.44,1.85,5.66,0.986,0.44,0.0,38,34,10,241,28,29,0,0.491
Missouri St.,50,9.0,140,65,23,4,37.0,184,303,3.68,0.25,3.98,0.74,1.3,0.08,0.402,0.338,25,8,0.5,4.69,7.95,34,1.75,0.99,4.28,0.968,0.46,0.0,26,20,11,199,22,28,0,0.44
Monmouth,51,1.0,133,53,12,5,35.0,195,359,3.82,0.272,4.02,0.69,1.04,0.1,0.399,0.345,22,6,0.43,4.92,9.44,21,1.74,1.53,4.2,0.961,0.24,0.0,23,30,16,205,20,31,0,0.392
Montana,54,4.0,152,97,11,9,51.0,259,422,4.8,0.294,5.2,0.94,1.8,0.17,0.481,0.37,31,14,0.57,5.99,10.52,36,1.92,1.24,3.59,0.96,0.2,0.0,31,20,15,281,22,32,0,0.407
Morehead St.,45,1.0,91,51,8,2,20.0,147,336,3.27,0.264,3.62,0.44,1.13,0.04,0.354,0.325,14,2,0.31,6.16,10.44,7,2.03,1.05,3.98,0.943,0.18,0.0,27,20,5,163,7,38,0,0.156
Morgan St.,43,0.0,136,55,3,12,17.0,163,318,3.79,0.292,4.56,0.4,1.28,0.28,0.411,0.369,41,14,0.95,6.15,10.79,27,2.11,0.86,3.4,0.941,0.07,0.0,6,16,15,196,15,28,0,0.349
Mount St. Mary's,48,5.0,131,57,19,11,15.0,153,320,3.19,0.263,3.75,0.31,1.19,0.23,0.365,0.343,101,15,2.1,4.65,7.98,29,1.6,1.14,3.66,0.956,0.4,0.0,21,27,8,180,20,28,0,0.417
Murray St.,52,6.0,147,48,5,6,42.0,225,404,4.33,0.286,4.98,0.81,0.92,0.12,0.418,0.365,78,16,1.5,3.77,7.35,21,1.48,1.4,4.19,0.967,0.1,0.0,35,32,11,259,29,23,0,0.558
N.C. A&T,53,0.0,136,49,9,16,34.0,201,338,3.79,0.248,4.47,0.64,0.92,0.3,0.382,0.325,61,13,1.15,4.35,7.95,12,1.7,1.27,4.97,0.938,0.17,0.0,23,27,6,237,20,33,0,0.377
N.C. Central,48,2.0,107,36,12,15,4.0,139,278,2.9,0.242,3.23,0.08,0.75,0.31,0.31,0.319,55,10,1.15,7.29,11.86,21,2.21,0.95,3.42,0.919,0.25,0.0,27,35,12,155,8,40,0,0.167
NC State,53,3.0,186,63,16,4,52.0,258,388,4.87,0.292,5.34,0.98,1.19,0.08,0.463,0.392,57,11,1.08,4.62,7.54,37,1.61,1.41,5.29,0.965,0.3,0.0,39,9,12,283,27,26,0,0.509
NIU,43,1.0,130,73,16,17,30.0,249,387,5.79,0.325,6.4,0.7,1.7,0.4,0.491,0.396,44,7,1.02,4.99,8.23,31,1.69,1.21,4.38,0.957,0.37,0.0,19,27,16,275,25,18,0,0.581
Nebraska,60,16.0,195,99,22,14,97.0,383,539,6.38,0.325,6.78,1.62,1.65,0.23,0.577,0.405,42,11,0.7,1.87,5.23,25,0.99,5.19,8.9,0.976,0.37,0.0,37,21,14,407,52,8,0,0.867
Nevada,59,4.0,185,99,27,18,75.0,372,579,6.31,0.343,6.9,1.27,1.68,0.31,0.557,0.418,90,18,1.53,4.0,7.12,41,1.59,1.33,5.35,0.973,0.46,0.0,43,29,15,407,39,20,0,0.661
New Mexico,55,3.0,160,68,17,5,57.0,258,412,4.69,0.286,5.2,1.04,1.24,0.09,0.459,0.365,24,7,0.44,4.45,8.24,34,1.66,1.53,5.13,0.97,0.31,0.0,35,36,26,286,28,27,0,0.509
New Mexico St.,54,7.0,134,81,14,7,76.0,286,449,5.3,0.307,5.7,1.41,1.5,0.13,0.527,0.38,34,5,0.63,4.96,8.63,48,1.61,2.47,6.44,0.946,0.26,0.0,43,11,5,308,27,27,0,0.5
Niagara,42,0.0,104,50,9,6,19.0,133,264,3.17,0.253,3.62,0.45,1.19,0.14,0.367,0.324,32,8,0.76,7.34,10.75,13,2.37,0.46,2.71,0.941,0.21,0.0,11,10,10,152,8,34,0,0.19
Nicholls,54,6.0,158,81,23,11,33.0,270,429,5.0,0.301,5.5,0.61,1.5,0.2,0.442,0.377,106,15,1.96,3.44,7.8,34,1.43,2.22,4.89,0.966,0.43,0.0,28,20,19,297,31,23,0,0.574
Norfolk St.,43,4.0,97,62,15,7,38.0,193,335,4.49,0.292,4.65,0.88,1.44,0.16,0.458,0.355,41,7,0.95,3.74,8.55,16,1.64,1.27,3.74,0.943,0.35,0.0,18,16,7,200,22,21,0,0.512
North Ala.,52,9.0,152,69,11,10,63.0,288,426,5.54,0.308,6.1,1.21,1.33,0.19,0.508,0.381,60,11,1.15,3.17,6.93,25,1.34,1.71,4.13,0.966,0.21,0.0,22,18,17,317,36,16,0,0.692
North Carolina,51,2.0,193,65,20,4,100.0,373,480,7.31,0.348,7.98,1.96,1.27,0.08,0.619,0.437,33,4,0.65,5.52,9.02,33,1.75,1.57,5.03,0.967,0.39,0.0,42,27,21,407,32,19,0,0.627
North Dakota,51,7.0,180,79,22,5,24.0,199,346,3.9,0.263,4.29,0.47,1.55,0.1,0.385,0.357,26,11,0.51,4.01,7.73,26,1.62,1.44,5.16,0.963,0.43,0.0,22,15,14,219,27,24,0,0.529
North Dakota St.,50,4.0,184,75,23,10,32.0,263,425,5.26,0.305,5.82,0.64,1.5,0.2,0.442,0.39,71,8,1.42,4.46,8.59,16,1.88,0.84,3.82,0.962,0.46,0.0,22,14,17,291,27,23,0,0.54
North Florida,61,12.0,208,74,9,15,39.0,285,468,4.67,0.302,5.39,0.64,1.21,0.25,0.445,0.39,118,22,1.93,3.14,6.8,33,1.34,1.75,4.5,0.968,0.15,0.0,30,30,22,329,39,22,0,0.639
North Texas,56,1.0,160,83,16,8,54.0,269,448,4.8,0.295,5.36,0.96,1.48,0.14,0.466,0.372,24,11,0.43,5.04,8.73,28,1.77,1.23,4.52,0.964,0.29,0.0,34,18,11,300,28,28,0,0.5
Northern Colo.,51,1.0,159,83,11,9,52.0,248,418,4.86,0.305,5.2,1.02,1.63,0.18,0.493,0.388,37,9,0.73,6.15,10.42,17,1.9,1.12,3.2,0.967,0.22,0.0,36,6,13,265,24,27,0,0.471
Northern Ky.,51,4.0,122,84,15,10,17.0,191,375,3.75,0.288,4.47,0.33,1.65,0.2,0.407,0.361,86,17,1.69,5.47,8.56,38,1.86,0.86,3.81,0.957,0.29,0.0,35,28,17,228,26,25,0,0.51
Northwestern,50,6.0,178,78,12,18,58.0,287,395,5.74,0.299,6.38,1.16,1.56,0.36,0.517,0.396,57,15,1.14,3.88,6.21,43,1.37,1.8,6.08,0.948,0.24,0.0,43,13,15,319,29,21,0,0.58
Northwestern St.,53,3.0,182,64,6,12,15.0,221,392,4.17,0.285,4.75,0.28,1.21,0.23,0.382,0.39,72,10,1.36,4.61,8.03,18,1.63,1.19,4.05,0.973,0.11,0.0,66,15,19,252,24,29,0,0.453
Notre Dame,53,0.0,175,75,13,8,34.0,237,430,4.47,0.307,4.91,0.64,1.42,0.15,0.444,0.39,59,15,1.11,4.58,8.07,34,1.66,1.78,6.31,0.96,0.25,0.0,26,31,17,260,25,28,0,0.472
Oakland,49,7.0,97,79,11,19,25.0,219,407,4.47,0.31,5.0,0.51,1.61,0.39,0.457,0.359,89,11,1.82,4.16,8.53,20,1.6,1.88,5.08,0.96,0.22,0.0,12,19,17,245,25,24,0,0.51
Ohio,58,3.0,227,113,9,9,91.0,405,525,6.98,0.334,7.43,1.57,1.95,0.16,0.591,0.426,30,9,0.52,4.67,8.28,40,1.68,1.22,4.27,0.96,0.16,0.0,48,16,29,431,38,20,0,0.655
Ohio St.,53,8.0,193,60,12,16,119.0,312,411,5.89,0.306,6.26,2.25,1.13,0.3,0.641,0.402,39,3,0.74,5.08,9.41,33,1.92,1.51,6.12,0.948,0.23,0.0,27,13,9,332,26,27,0,0.491
Oklahoma,62,12.0,302,92,23,9,187.0,598,639,9.65,0.384,9.92,3.02,1.48,0.15,0.786,0.485,67,13,1.08,3.09,6.39,37,1.23,2.65,5.88,0.981,0.37,0.0,44,11,18,615,52,10,0,0.839
Oklahoma St.,58,12.0,221,85,22,12,68.0,335,466,5.78,0.312,6.43,1.17,1.47,0.21,0.522,0.415,73,13,1.26,3.44,7.17,17,1.3,2.7,5.29,0.971,0.38,0.0,53,37,18,373,41,17,0,0.707
Ole Miss,62,11.0,197,65,29,2,88.0,323,480,5.21,0.295,5.66,1.42,1.05,0.03,0.499,0.387,39,4,0.63,4.25,6.88,11,1.61,1.09,4.79,0.972,0.47,0.0,57,15,16,351,36,26,0,0.581
Omaha,49,15.0,228,69,13,7,72.0,328,403,6.69,0.317,7.2,1.47,1.41,0.14,0.552,0.437,25,5,0.51,2.46,6.7,8,1.21,3.6,6.45,0.973,0.27,0.0,57,2,17,353,37,12,0,0.755
Oregon,55,7.0,194,75,10,17,70.0,335,473,6.09,0.324,6.64,1.27,1.36,0.31,0.542,0.411,42,11,0.76,3.55,6.31,15,1.27,2.89,7.35,0.968,0.18,0.0,49,20,37,365,41,14,0,0.745
Oregon St.,53,3.0,165,69,12,10,62.0,249,414,4.7,0.288,5.0,1.17,1.3,0.19,0.479,0.367,50,12,0.94,5.05,9.97,11,1.73,1.62,3.51,0.946,0.23,0.0,21,17,12,265,21,32,0,0.396
Pacific,52,2.0,129,73,21,10,23.0,168,339,3.23,0.253,3.65,0.44,1.4,0.19,0.374,0.332,31,7,0.6,4.63,8.96,22,1.68,1.56,4.39,0.961,0.4,0.0,36,43,11,190,18,34,0,0.346
Penn,44,3.0,138,64,13,6,37.0,205,356,4.66,0.303,5.2,0.84,1.45,0.14,0.462,0.387,53,6,1.2,5.28,9.87,21,1.9,1.16,3.96,0.937,0.3,0.0,28,8,9,229,17,27,0,0.386
Penn St.,54,8.0,274,83,14,9,84.0,336,425,6.22,0.301,6.98,1.56,1.54,0.17,0.551,0.424,60,16,1.11,4.33,7.55,21,1.54,1.87,6.08,0.965,0.26,0.0,36,33,12,377,33,21,0,0.611
Pittsburgh,52,2.0,168,51,13,5,45.0,190,328,3.65,0.253,4.46,0.87,0.98,0.1,0.403,0.349,99,15,1.9,5.53,8.29,45,1.72,1.3,4.9,0.947,0.25,0.0,31,32,14,232,25,27,0,0.481
Portland St.,46,2.0,126,39,13,4,24.0,150,297,3.26,0.249,3.63,0.52,0.85,0.09,0.349,0.327,29,3,0.63,5.46,9.05,37,1.79,1.19,4.13,0.957,0.28,0.0,18,22,13,167,14,32,0,0.304
Prairie View,46,6.0,217,48,13,24,11.0,242,385,5.26,0.328,6.35,0.24,1.04,0.52,0.437,0.443,168,30,3.65,3.87,7.63,24,1.61,0.97,3.51,0.959,0.28,0.0,38,28,15,292,27,19,0,0.587
Presbyterian,52,2.0,147,72,10,7,15.0,204,387,3.92,0.283,4.35,0.29,1.38,0.13,0.379,0.356,40,9,0.77,4.62,8.23,21,1.69,1.2,4.27,0.957,0.19,0.0,17,37,17,226,20,32,0,0.385
Princeton,49,10.0,119,85,9,14,40.0,275,484,5.61,0.347,5.94,0.82,1.73,0.29,0.515,0.407,50,9,1.02,3.37,8.1,10,1.46,2.5,5.21,0.975,0.18,0.0,35,8,19,291,34,15,0,0.694
Providence,49,6.0,195,63,17,5,57.0,264,378,5.39,0.297,5.73,1.16,1.29,0.1,0.488,0.401,28,13,0.57,4.47,7.89,36,1.66,1.36,5.05,0.959,0.35,0.0,33,25,8,281,29,20,0,0.592
Purdue,54,6.0,156,80,30,17,49.0,310,447,5.74,0.317,6.22,0.91,1.48,0.31,0.502,0.397,82,14,1.52,3.75,7.43,34,1.62,1.3,5.1,0.956,0.56,0.0,44,24,20,336,34,20,0,0.63
Queens (NC),48,0.0,141,56,7,10,39.0,181,352,3.77,0.28,4.08,0.81,1.17,0.21,0.434,0.36,33,10,0.69,6.0,10.0,39,1.93,1.22,4.23,0.945,0.15,0.0,23,23,13,196,14,34,0,0.292
Quinnipiac,45,3.0,102,65,16,9,17.0,206,381,4.58,0.312,5.36,0.38,1.44,0.2,0.421,0.369,30,10,0.67,5.02,9.41,15,1.77,0.96,2.85,0.967,0.36,0.0,18,6,13,241,24,21,0,0.533
Radford,51,10.0,131,58,17,5,19.0,151,354,2.96,0.268,3.43,0.37,1.14,0.1,0.363,0.339,47,11,0.92,3.34,6.21,40,1.23,2.1,5.05,0.97,0.33,0.0,15,18,11,175,24,27,0,0.471
Rhode Island,47,3.0,173,44,13,5,13.0,156,324,3.32,0.27,3.68,0.28,0.94,0.11,0.348,0.365,34,9,0.72,4.25,7.42,46,1.7,1.28,5.74,0.969,0.28,1.0,20,21,23,173,21,26,0,0.447
Rider,49,3.0,125,74,17,5,34.0,245,396,5.0,0.297,5.49,0.69,1.51,0.1,0.437,0.362,22,2,0.45,4.71,10.03,46,1.72,1.2,2.42,0.95,0.35,0.0,20,20,17,269,25,24,0,0.51
Robert Morris,49,4.0,160,103,10,17,96.0,423,547,8.63,0.373,9.33,1.96,2.1,0.35,0.663,0.443,35,3,0.71,5.14,9.8,32,1.78,1.98,5.27,0.932,0.2,0.0,37,18,17,457,31,18,0,0.633
Rutgers,54,4.0,235,81,22,9,74.0,320,435,5.93,0.306,6.59,1.37,1.5,0.17,0.532,0.418,47,11,0.87,5.75,8.79,36,1.86,1.37,5.81,0.96,0.41,0.0,49,21,13,356,27,27,0,0.5
SFA,56,5.0,176,60,12,18,32.0,268,464,4.79,0.302,5.29,0.57,1.07,0.32,0.427,0.38,57,12,1.02,3.65,8.04,38,1.61,1.44,4.66,0.97,0.21,0.0,23,22,12,296,30,26,0,0.536
SIUE,58,4.0,186,61,22,8,18.0,194,359,3.34,0.258,3.76,0.31,1.05,0.14,0.353,0.356,58,20,1.0,4.15,8.56,9,1.56,1.62,3.83,0.955,0.38,0.0,32,38,15,218,29,29,0,0.5
Sacramento St.,53,4.0,133,75,22,8,62.0,248,415,4.68,0.302,5.08,1.17,1.42,0.15,0.503,0.369,59,17,1.11,3.53,7.32,27,1.51,1.47,4.77,0.958,0.42,0.0,22,40,12,269,33,20,0,0.623
Sacred Heart,54,6.0,122,78,21,2,31.0,185,387,3.43,0.262,3.83,0.57,1.44,0.04,0.381,0.325,30,8,0.56,3.98,7.58,31,1.61,1.13,4.19,0.959,0.39,0.0,20,32,10,207,23,31,0,0.426
Saint Francis,48,0.0,131,43,10,6,44.0,177,313,3.69,0.26,4.0,0.92,0.9,0.13,0.415,0.347,10,6,0.21,8.93,13.9,21,2.59,0.51,2.18,0.929,0.21,0.0,32,14,4,192,5,42,1,0.115
Saint Joseph's,51,2.0,139,77,15,10,27.0,211,373,4.14,0.275,4.57,0.53,1.51,0.2,0.407,0.35,88,19,1.73,3.44,7.62,36,1.46,1.65,4.3,0.955,0.29,0.0,28,26,20,233,26,25,0,0.51
Saint Louis,51,8.0,203,66,16,5,22.0,195,317,3.82,0.243,4.25,0.43,1.29,0.1,0.351,0.351,35,6,0.69,3.39,8.36,30,1.57,1.33,3.53,0.962,0.31,0.0,23,22,15,217,23,28,0,0.451
Saint Mary's (CA),58,7.0,155,74,24,20,39.0,273,468,4.71,0.306,5.36,0.67,1.28,0.34,0.457,0.382,76,13,1.31,3.39,7.03,59,1.37,1.97,5.09,0.974,0.41,0.0,44,27,18,311,42,16,0,0.724
Saint Peter's,51,1.0,94,57,9,4,14.0,139,338,2.73,0.257,3.1,0.27,1.12,0.08,0.339,0.315,33,9,0.65,6.68,10.07,14,2.07,0.92,4.07,0.951,0.18,0.0,21,28,11,158,7,44,0,0.137
Sam Houston,56,7.0,140,74,12,8,50.0,239,399,4.27,0.281,4.68,0.89,1.32,0.14,0.45,0.362,78,7,1.39,4.25,7.75,41,1.53,1.65,4.91,0.974,0.21,0.0,47,34,12,262,29,27,0,0.518
Samford,59,8.0,151,68,15,13,53.0,267,436,4.53,0.283,4.83,0.9,1.15,0.22,0.448,0.363,46,10,0.78,4.39,7.67,50,1.6,1.4,4.9,0.969,0.25,0.0,47,25,12,285,28,31,0,0.475
San Diego,51,1.0,83,70,15,11,20.0,170,354,3.33,0.264,3.69,0.39,1.37,0.22,0.377,0.32,21,11,0.41,4.56,8.57,28,1.72,0.93,3.25,0.961,0.29,0.0,34,25,12,188,21,30,0,0.412
San Diego St.,50,2.0,96,60,16,8,44.0,210,411,4.2,0.312,4.72,0.88,1.2,0.16,0.47,0.368,42,10,0.84,4.37,7.1,28,1.53,1.16,4.2,0.974,0.32,0.0,29,27,15,236,24,26,0,0.48
San Jose St.,48,2.0,120,45,17,15,19.0,166,342,3.46,0.275,3.73,0.4,0.94,0.31,0.381,0.347,50,13,1.04,5.34,9.85,15,1.81,0.92,2.56,0.965,0.35,0.0,22,25,8,179,15,33,0,0.313
Santa Clara,51,2.0,148,45,29,14,17.0,189,351,3.71,0.268,4.31,0.33,0.88,0.27,0.363,0.352,75,8,1.47,3.7,8.08,37,1.65,1.23,4.29,0.958,0.57,0.0,27,32,11,220,26,25,0,0.51
Seattle U,51,2.0,145,84,13,10,42.0,265,443,5.2,0.307,5.63,0.82,1.65,0.2,0.466,0.374,28,5,0.55,4.77,8.32,47,1.69,1.29,4.56,0.952,0.25,0.0,21,10,20,287,19,32,0,0.373
Seton Hall,49,4.0,147,65,13,4,23.0,190,357,3.88,0.276,4.33,0.47,1.33,0.08,0.386,0.358,26,8,0.53,5.62,8.87,20,1.99,0.75,3.82,0.958,0.27,0.0,32,10,24,212,19,30,0,0.388
Siena,47,8.0,127,58,9,3,22.0,157,333,3.34,0.265,3.66,0.47,1.23,0.06,0.368,0.339,17,5,0.36,3.47,6.78,24,1.32,1.98,4.87,0.974,0.19,0.0,21,45,13,172,25,22,0,0.532
South Alabama,59,11.0,155,75,12,16,37.0,194,356,3.29,0.25,3.54,0.63,1.27,0.27,0.403,0.334,46,9,0.78,3.0,6.36,33,1.35,2.06,6.37,0.961,0.2,0.0,33,30,18,209,32,27,0,0.542
South Carolina,60,4.0,208,82,23,10,61.0,267,430,4.45,0.282,5.03,1.02,1.37,0.17,0.469,0.383,36,14,0.6,3.15,6.93,22,1.42,1.98,5.91,0.972,0.38,0.0,50,17,14,302,32,28,0,0.533
South Carolina St.,44,2.0,149,56,14,17,21.0,227,361,5.16,0.307,5.68,0.48,1.27,0.39,0.437,0.384,67,12,1.52,4.46,7.56,22,1.78,0.79,3.88,0.944,0.32,0.0,12,24,20,250,23,21,0,0.523
South Dakota,58,2.0,123,66,14,15,23.0,188,412,3.24,0.269,3.74,0.4,1.14,0.26,0.377,0.329,43,12,0.74,4.7,8.31,36,1.88,1.01,4.91,0.957,0.24,0.0,16,28,6,217,21,36,1,0.371
South Dakota St.,59,4.0,185,96,22,7,73.0,295,483,5.0,0.305,5.32,1.24,1.63,0.12,0.512,0.38,9,4,0.15,5.34,9.04,53,1.87,1.0,4.05,0.964,0.37,0.0,21,20,20,314,25,34,0,0.424
South Fla.,61,10.0,172,77,41,15,31.0,243,457,3.98,0.292,4.57,0.51,1.26,0.25,0.42,0.373,55,17,0.9,2.85,6.47,32,1.31,1.6,4.37,0.979,0.67,0.0,44,62,25,279,44,17,0,0.721
Southeast Mo. St.,53,3.0,156,61,16,3,30.0,207,380,3.91,0.276,4.38,0.57,1.15,0.06,0.39,0.357,55,13,1.04,4.7,8.62,23,1.85,0.98,4.26,0.967,0.3,0.0,23,21,12,232,23,30,0,0.434
Southeastern La.,62,22.0,166,84,21,33,30.0,318,547,5.13,0.338,5.94,0.48,1.35,0.53,0.486,0.403,129,28,2.08,1.68,4.47,36,1.0,2.23,5.62,0.972,0.34,0.0,24,49,18,368,46,16,0,0.742
Southern Ill.,51,8.0,189,71,13,5,56.0,256,411,5.02,0.298,5.41,1.1,1.39,0.1,0.478,0.385,27,6,0.53,2.91,6.88,22,1.31,2.5,5.67,0.953,0.25,0.0,14,20,9,276,34,17,0,0.667
Southern Ind.,47,3.0,114,44,13,6,5.0,139,296,2.96,0.25,3.21,0.11,0.94,0.13,0.309,0.319,53,11,1.13,4.49,8.61,42,1.8,0.97,3.88,0.949,0.28,0.0,16,18,18,151,15,32,0,0.319
Southern Miss.,57,8.0,205,72,16,15,20.0,242,414,4.25,0.284,4.7,0.35,1.26,0.26,0.395,0.384,55,13,0.96,4.1,7.44,23,1.5,0.77,2.38,0.975,0.28,0.0,49,32,27,268,33,24,0,0.579
Southern U.,52,7.0,106,60,18,24,37.0,241,408,4.63,0.304,5.5,0.71,1.15,0.46,0.468,0.366,136,17,2.62,3.17,7.73,36,1.41,1.71,3.69,0.944,0.35,0.0,34,27,17,286,37,15,0,0.712
Southern Utah,51,1.0,118,54,15,10,30.0,199,386,3.9,0.288,4.43,0.59,1.06,0.2,0.411,0.36,23,4,0.45,5.48,9.3,30,1.79,1.22,3.93,0.966,0.29,0.0,41,27,14,226,21,30,0,0.412
St. Bonaventure,53,0.0,117,48,21,5,18.0,108,283,2.04,0.223,2.55,0.34,0.91,0.09,0.312,0.296,24,11,0.45,7.18,11.61,22,2.22,0.79,3.12,0.947,0.4,0.0,18,10,8,135,9,44,0,0.17
St. John's (NY),55,6.0,165,46,7,14,14.0,238,479,4.33,0.309,4.96,0.25,0.84,0.25,0.384,0.388,52,8,0.95,3.45,6.92,39,1.49,2.2,7.67,0.956,0.13,1.0,43,20,13,273,32,23,0,0.582
St. Thomas (MN),53,6.0,231,90,25,9,77.0,303,427,5.72,0.299,6.21,1.45,1.7,0.17,0.536,0.401,46,12,0.87,2.99,7.06,29,1.43,1.68,5.01,0.965,0.47,0.0,25,9,21,329,34,19,0,0.642
Stanford,54,4.0,212,103,13,23,61.0,350,484,6.48,0.328,6.93,1.13,1.91,0.43,0.552,0.415,44,6,0.81,3.79,6.47,52,1.39,1.95,6.41,0.967,0.24,0.0,30,11,32,374,39,15,0,0.722
Stetson,59,2.0,217,81,18,4,80.0,334,491,5.66,0.313,6.07,1.36,1.37,0.07,0.523,0.41,34,8,0.58,4.23,7.61,16,1.52,1.11,3.34,0.969,0.31,0.0,50,4,16,358,37,22,0,0.627
Stonehill,50,0.0,116,60,14,3,14.0,165,324,3.3,0.262,3.62,0.28,1.2,0.06,0.349,0.332,29,5,0.58,7.39,11.91,21,2.21,0.69,2.49,0.95,0.28,0.0,18,24,7,181,13,37,0,0.26
Stony Brook,50,3.0,117,53,19,1,22.0,171,333,3.42,0.254,3.76,0.44,1.06,0.02,0.347,0.33,36,9,0.72,4.0,8.65,10,1.68,1.32,4.15,0.97,0.38,0.0,35,39,9,188,21,29,0,0.42
Syracuse,44,2.0,179,37,11,5,33.0,150,257,3.41,0.235,3.68,0.75,0.84,0.11,0.369,0.354,54,6,1.23,5.64,8.53,34,1.81,1.38,5.74,0.955,0.25,0.0,28,15,10,162,18,26,0,0.409
Tarleton St.,61,6.0,231,75,15,8,49.0,326,493,5.34,0.311,5.95,0.8,1.23,0.13,0.462,0.407,23,4,0.38,4.92,8.74,28,1.71,1.36,4.37,0.966,0.25,0.0,37,33,18,363,38,23,0,0.623
Tennessee,61,18.0,215,89,19,5,76.0,295,427,4.84,0.281,5.28,1.25,1.46,0.08,0.496,0.385,57,11,0.93,1.47,3.81,35,0.9,3.39,8.4,0.978,0.31,0.0,52,24,18,322,49,12,0,0.803
Tennessee St.,40,0.0,117,31,19,15,7.0,127,267,3.18,0.258,3.65,0.18,0.78,0.38,0.337,0.338,41,6,1.03,7.58,11.32,40,2.45,0.44,2.58,0.942,0.48,0.0,12,18,8,146,2,38,0,0.05
Tennessee Tech,50,4.0,178,61,14,9,24.0,186,345,3.72,0.265,4.22,0.48,1.22,0.18,0.381,0.358,57,10,1.14,4.56,8.91,37,1.78,1.12,4.0,0.961,0.28,0.0,17,20,12,211,16,34,0,0.32
Texas,65,14.0,242,91,23,9,99.0,411,577,6.32,0.335,6.91,1.52,1.4,0.14,0.571,0.424,83,15,1.28,2.39,5.85,33,1.14,3.21,6.77,0.973,0.35,0.0,33,22,14,449,53,12,0,0.815
Texas A&M,57,4.0,244,85,16,6,83.0,368,504,6.46,0.34,6.95,1.46,1.49,0.11,0.574,0.443,46,11,0.81,3.7,6.62,37,1.29,2.61,6.26,0.969,0.28,0.0,51,16,26,396,38,19,0,0.667
Texas Southern,42,7.0,134,48,12,11,23.0,192,319,4.57,0.302,5.5,0.55,1.14,0.26,0.434,0.391,55,16,1.31,2.72,6.55,15,1.28,1.83,4.42,0.964,0.29,0.0,31,34,17,231,30,12,0,0.714
Texas St.,61,11.0,265,75,32,6,50.0,259,439,4.25,0.281,4.64,0.82,1.23,0.1,0.433,0.393,53,17,0.87,2.45,6.4,34,1.18,3.26,6.03,0.969,0.52,0.0,34,40,20,283,39,22,0,0.639
Texas Tech,71,21.0,316,122,16,14,145.0,584,679,8.23,0.371,9.0,2.04,1.72,0.2,0.691,0.469,137,21,1.93,2.24,4.99,37,0.98,4.46,8.23,0.975,0.23,0.0,52,11,35,639,61,10,0,0.859
Toledo,50,0.0,106,68,17,6,32.0,189,373,3.78,0.274,4.3,0.64,1.36,0.12,0.404,0.336,20,6,0.4,6.04,9.81,48,1.96,0.92,3.58,0.973,0.34,0.0,30,29,18,215,15,35,0,0.3
Towson,51,2.0,149,72,20,13,37.0,222,382,4.35,0.276,4.76,0.73,1.41,0.25,0.427,0.352,25,5,0.49,4.03,8.73,17,1.63,1.56,4.19,0.941,0.39,0.0,23,13,15,243,25,26,0,0.49
Troy,54,5.0,160,86,18,10,35.0,250,447,4.63,0.315,5.2,0.65,1.59,0.19,0.464,0.393,101,20,1.87,3.01,6.52,35,1.4,1.71,5.63,0.966,0.33,0.0,34,39,19,281,32,22,0,0.593
Tulsa,53,1.0,161,72,28,5,41.0,214,378,4.04,0.265,4.42,0.77,1.36,0.09,0.409,0.354,14,3,0.26,4.95,9.13,29,1.77,1.44,4.71,0.96,0.53,0.0,44,24,15,234,20,33,0,0.377
UAB,54,1.0,155,46,26,6,27.0,189,370,3.5,0.265,4.02,0.5,0.85,0.11,0.365,0.347,17,7,0.31,4.36,8.55,43,1.55,1.26,2.88,0.978,0.48,0.0,25,31,11,217,21,33,0,0.389
UAlbany,45,5.0,115,81,10,5,25.0,203,370,4.51,0.308,4.91,0.56,1.8,0.11,0.446,0.377,62,19,1.38,4.11,7.45,42,1.45,2.3,6.16,0.969,0.22,0.0,25,28,10,221,25,20,0,0.556
UC Davis,54,4.0,170,66,14,17,19.0,198,414,3.67,0.282,4.31,0.35,1.22,0.31,0.389,0.362,74,15,1.37,3.85,8.04,36,1.41,2.3,4.15,0.956,0.26,0.0,26,32,22,233,29,25,0,0.537
UC Riverside,44,0.0,92,45,8,1,16.0,102,242,2.32,0.227,2.41,0.36,1.02,0.02,0.316,0.303,2,5,0.05,6.58,11.1,22,2.09,0.54,,0.943,0.18,0.0,26,19,5,106,6,38,0,0.136
UC San Diego,51,1.0,120,61,20,12,41.0,263,423,5.16,0.313,5.41,0.8,1.2,0.24,0.467,0.38,30,14,0.59,5.27,8.84,28,1.82,0.87,3.38,0.965,0.39,0.0,37,26,17,276,23,28,0,0.451
UC Santa Barbara,57,7.0,143,83,20,9,49.0,265,513,4.65,0.326,5.04,0.86,1.46,0.16,0.483,0.389,46,5,0.81,3.98,8.27,25,1.55,1.51,3.9,0.958,0.35,0.0,24,17,9,287,31,26,0,0.544
UCF,61,5.0,231,84,31,13,73.0,354,496,5.8,0.32,6.28,1.2,1.38,0.21,0.532,0.416,55,19,0.9,3.28,5.92,52,1.48,0.86,3.85,0.971,0.51,0.0,40,34,21,383,41,19,1,0.68
UCLA,63,11.0,325,116,22,9,209.0,643,647,10.21,0.379,10.67,3.32,1.84,0.14,0.825,0.49,15,3,0.24,4.33,7.73,58,1.58,1.57,5.23,0.972,0.35,0.0,71,6,26,672,53,10,0,0.841
UConn,60,6.0,247,98,16,15,61.0,334,448,5.57,0.288,5.85,1.02,1.63,0.25,0.488,0.387,69,9,1.15,4.46,7.94,46,1.61,1.48,4.97,0.966,0.27,0.0,21,26,26,351,32,28,0,0.533
UIC,54,1.0,123,51,18,10,29.0,223,397,4.13,0.294,4.7,0.54,0.94,0.19,0.411,0.363,58,11,1.07,7.94,11.1,16,2.35,0.56,2.98,0.958,0.33,0.0,32,36,14,254,21,32,1,0.398
UIW,54,9.0,198,88,15,8,59.0,309,452,5.72,0.325,6.3,1.09,1.63,0.15,0.527,0.417,50,8,0.93,3.9,7.25,26,1.58,1.25,4.79,0.969,0.28,0.0,32,28,16,340,33,21,0,0.611
ULM,58,7.0,170,83,20,14,23.0,197,419,3.4,0.275,3.88,0.4,1.43,0.24,0.394,0.352,68,24,1.17,2.64,6.78,32,1.35,1.81,4.87,0.975,0.34,0.0,15,35,10,225,38,20,0,0.655
UMBC,18,3.0,53,21,3,1,7.0,77,120,4.28,0.29,4.83,0.39,1.17,0.06,0.396,0.394,39,5,2.17,4.78,6.85,16,1.64,1.57,7.29,0.94,0.17,0.0,21,12,4,87,10,8,0,0.556
UMES,48,2.0,136,59,15,6,18.0,155,283,3.23,0.237,3.77,0.38,1.23,0.13,0.342,0.325,95,16,1.98,5.64,9.64,30,1.77,0.97,2.65,0.953,0.31,0.0,25,13,15,181,15,33,0,0.313
UMass Lowell,54,5.0,161,66,13,7,21.0,232,399,4.3,0.279,4.69,0.39,1.22,0.13,0.379,0.36,53,18,0.98,3.89,6.89,56,1.49,1.75,6.15,0.968,0.24,0.0,24,22,9,253,27,27,0,0.5
UNC Greensboro,62,18.0,202,96,15,6,67.0,324,486,5.23,0.299,5.48,1.08,1.55,0.1,0.489,0.386,32,4,0.52,2.24,5.67,52,1.22,1.95,5.55,0.966,0.24,0.0,41,34,17,340,43,19,0,0.694
UNCW,51,14.0,150,70,17,8,12.0,213,434,4.18,0.311,4.71,0.24,1.37,0.16,0.399,0.381,91,17,1.78,2.93,6.43,32,1.28,2.05,5.19,0.97,0.33,0.0,16,9,13,240,32,19,0,0.627
UNI,53,2.0,289,86,20,7,102.0,383,481,7.23,0.324,7.68,1.92,1.62,0.13,0.598,0.438,47,13,0.89,4.97,9.45,16,1.78,1.44,4.32,0.954,0.38,0.0,23,8,14,407,29,24,0,0.547
UNLV,53,1.0,174,74,27,9,55.0,262,416,4.94,0.305,5.43,1.04,1.4,0.17,0.493,0.4,43,7,0.81,4.37,9.0,30,1.69,1.27,3.59,0.957,0.51,0.0,52,28,13,288,31,22,0,0.585
USC Upstate,61,8.0,156,104,15,9,39.0,341,524,5.59,0.329,6.11,0.64,1.7,0.15,0.48,0.398,113,13,1.85,4.37,8.99,13,1.74,1.05,3.33,0.961,0.25,0.0,44,36,27,373,38,23,0,0.623
UT Arlington,47,2.0,158,74,26,11,59.0,272,387,5.79,0.298,6.6,1.26,1.57,0.23,0.509,0.387,62,15,1.32,6.17,10.39,37,2.07,0.55,2.28,0.957,0.55,0.0,35,13,10,310,24,23,0,0.511
UT Martin,54,10.0,148,55,17,16,22.0,214,412,3.96,0.286,4.63,0.41,1.02,0.3,0.392,0.355,94,13,1.74,3.54,7.09,8,1.42,1.61,4.63,0.969,0.31,0.0,15,29,12,250,33,21,0,0.611
UTEP,49,0.0,126,74,17,3,27.0,159,316,3.24,0.259,3.63,0.55,1.51,0.06,0.391,0.335,20,11,0.41,7.54,9.72,43,2.18,0.49,2.72,0.969,0.35,0.0,19,25,11,178,12,37,0,0.245
UTSA,57,1.0,155,53,30,8,46.0,220,444,3.86,0.294,4.18,0.81,0.93,0.14,0.432,0.365,55,15,0.96,4.89,7.89,54,1.77,1.03,4.65,0.959,0.53,0.0,20,20,13,238,24,33,0,0.421
Utah,56,15.0,226,77,31,11,60.0,309,439,5.52,0.303,6.0,1.07,1.38,0.2,0.496,0.407,24,8,0.43,2.81,6.84,35,1.34,1.74,4.44,0.953,0.55,0.0,42,29,21,336,35,20,1,0.634
Utah St.,54,1.0,117,82,24,8,48.0,213,410,3.94,0.285,4.17,0.89,1.52,0.15,0.453,0.357,17,5,0.31,7.47,10.48,37,2.16,0.72,3.36,0.964,0.44,0.0,53,14,17,225,19,35,0,0.352
Utah Tech,53,2.0,136,77,11,19,32.0,230,424,4.34,0.307,4.92,0.6,1.45,0.36,0.459,0.37,59,9,1.11,7.19,11.52,43,2.22,0.95,3.83,0.959,0.21,0.0,12,21,17,261,19,34,0,0.358
Utah Valley,54,2.0,166,95,24,16,43.0,286,494,5.3,0.335,5.94,0.8,1.76,0.3,0.508,0.409,59,19,1.09,4.73,9.1,27,1.73,1.52,4.53,0.966,0.44,0.0,36,27,25,321,31,23,0,0.574
Valparaiso,52,3.0,191,61,13,3,20.0,201,362,3.87,0.274,4.25,0.38,1.17,0.06,0.37,0.368,53,10,1.02,4.84,9.08,26,1.76,1.66,5.35,0.957,0.25,0.0,13,45,12,221,22,30,0,0.423
Villanova,53,3.0,183,65,11,6,32.0,180,333,3.4,0.249,3.77,0.6,1.23,0.11,0.378,0.353,28,3,0.53,6.21,10.03,12,1.91,0.85,2.87,0.961,0.21,0.0,39,14,12,200,14,39,0,0.264
Virginia,55,7.0,245,71,19,8,71.0,299,408,5.44,0.288,5.89,1.29,1.29,0.15,0.5,0.399,54,11,0.98,3.12,5.74,33,1.27,2.12,6.74,0.967,0.35,0.0,28,15,19,324,40,15,0,0.727
Virginia Tech,60,10.0,244,112,19,14,108.0,438,573,7.3,0.347,7.67,1.8,1.87,0.23,0.627,0.432,52,9,0.87,2.79,5.48,28,1.39,1.8,7.6,0.972,0.32,0.0,20,5,21,460,48,12,0,0.8
Wagner,50,5.0,159,63,6,4,7.0,180,337,3.6,0.269,3.92,0.14,1.26,0.08,0.342,0.368,46,12,0.92,4.35,8.77,34,1.63,1.85,4.85,0.964,0.12,0.0,42,22,7,196,22,28,0,0.44
Washington,57,12.0,217,82,14,7,77.0,328,501,5.75,0.324,6.37,1.35,1.44,0.12,0.535,0.419,43,12,0.75,3.36,6.7,36,1.32,2.43,6.22,0.97,0.25,0.0,47,17,13,363,37,20,0,0.649
Weber St.,56,0.0,128,57,21,11,27.0,197,431,3.52,0.288,4.05,0.48,1.02,0.2,0.394,0.347,29,11,0.52,7.31,10.56,30,2.09,0.66,2.68,0.956,0.38,0.0,17,21,15,227,14,42,0,0.25
Western Caro.,58,3.0,181,73,15,8,73.0,337,504,5.81,0.313,6.34,1.26,1.26,0.14,0.505,0.385,78,12,1.34,4.34,9.02,26,1.7,1.61,4.67,0.963,0.26,0.0,23,32,24,368,34,24,0,0.586
Western Ill.,46,2.0,148,54,13,9,16.0,176,346,3.83,0.285,4.48,0.35,1.17,0.2,0.384,0.366,47,5,1.02,6.58,10.43,15,2.16,0.86,4.07,0.959,0.28,0.0,15,24,12,206,14,32,0,0.304
Western Ky.,53,7.0,179,77,13,9,59.0,277,453,5.23,0.33,5.91,1.11,1.45,0.17,0.528,0.408,73,14,1.38,2.58,5.48,23,1.15,2.02,5.17,0.967,0.25,0.0,14,34,18,313,39,14,0,0.736
Western Mich.,55,7.0,168,85,9,14,52.0,271,426,4.93,0.292,5.18,0.95,1.55,0.25,0.477,0.378,23,7,0.42,4.49,7.92,21,1.63,1.51,5.3,0.959,0.16,0.0,40,39,14,285,29,26,0,0.527
Wichita St.,52,1.0,218,75,28,7,85.0,306,443,5.88,0.314,6.21,1.63,1.44,0.13,0.559,0.415,22,7,0.42,3.84,7.83,20,1.51,1.43,3.95,0.973,0.54,0.0,34,14,12,323,35,17,0,0.673
Winthrop,53,2.0,158,58,7,9,47.0,237,393,4.47,0.284,4.94,0.89,1.09,0.17,0.44,0.359,46,9,0.87,4.97,8.7,24,1.67,1.16,3.45,0.955,0.13,0.0,9,33,9,262,30,23,0,0.566
Wisconsin,54,9.0,170,78,22,7,54.0,281,423,5.2,0.305,5.59,1.0,1.44,0.13,0.488,0.391,33,13,0.61,5.18,8.59,27,1.73,1.4,4.94,0.966,0.41,0.0,42,32,26,302,33,21,0,0.611
Wofford,54,2.0,206,83,20,16,22.0,297,454,5.5,0.318,6.19,0.41,1.54,0.3,0.445,0.409,92,20,1.7,4.23,8.14,39,1.58,1.31,3.87,0.973,0.37,0.0,28,58,20,334,35,19,0,0.648
Yale,45,3.0,160,56,8,12,7.0,176,322,3.91,0.276,4.29,0.16,1.24,0.27,0.362,0.373,45,14,1.0,4.72,9.36,27,1.68,1.89,4.47,0.944,0.18,1.0,27,15,10,193,17,28,0,0.378
Youngstown St.,51,5.0,188,87,8,12,48.0,346,473,6.78,0.337,7.45,0.94,1.71,0.24,0.519,0.42,24,6,0.47,4.38,8.31,25,1.57,1.96,5.21,0.954,0.16,0.0,22,28,14,380,31,20,0,0.608
